Genome,Ala,Val,Leu,Ile,Pro,Cys,Met,Gly,Trp,Phe,Lys,Arg,His,Tyr,Thr,Glu,Gln,Asp,Asn,Ser
GWASMC-A15,0,0,0,0,0,0,0,0,0,0,0,0,1,0,0,0,0,0,0,0
GWASMC-A12,0,0,0,0,0,0,1,0,0,0,0,0,1,0,1,0,0,0,0,0
AMR_MDS_5503,0,0,0,0,0,0,0,0,0,1,0,0,0,0,0,0,0,0,0,0
Bin228,0,0,1,0,0,0,0,0,0,0,0,0,0,0,1,0,0,0,0,0
SCUT-6,0,0,0,0,1,0,0,0,1,1,0,0,0,0,0,0,0,0,0,0
UW16,0,0,0,0,0,0,0,0,0,1,0,0,0,0,0,0,0,0,0,0
GWASMC-A8,0,0,0,0,0,0,0,0,0,0,0,0,0,0,1,0,0,0,0,0
GWASMC-A46,0,0,0,0,0,0,0,0,0,0,0,0,0,0,0,0,0,0,0,0
GWASMC-A26,0,0,0,0,0,0,0,0,0,0,0,0,0,0,1,0,0,0,0,0
SCELSE-11,0,0,0,0,0,0,0,0,0,0,0,0,0,0,0,0,0,0,0,0
SCELSE-14,0,0,0,0,0,0,1,0,0,1,0,0,0,0,0,0,0,0,0,0
GWASMC-A34,0,0,0,0,0,0,0,0,0,0,0,0,0,0,0,0,0,0,0,0
UW13-POB,0,0,0,0,0,0,0,0,0,0,0,0,0,0,0,0,0,0,0,0
UW17,0,0,0,0,0,0,0,0,0,0,0,0,0,0,0,0,0,0,0,0
Bin45,0,0,0,0,0,0,0,0,0,0,0,0,0,0,0,0,0,0,0,0
GWASMC-A49,0,0,0,0,0,0,1,0,1,0,0,0,0,0,1,0,0,0,0,0
UW25,0,0,1,0,0,0,0,0,0,0,0,0,0,0,1,0,0,0,0,0
SCUT-7,0,0,0,0,0,0,0,0,0,0,0,0,0,0,0,0,0,0,0,0
GWASMC-A21,0,1,0,1,0,0,0,0,0,0,0,0,0,0,0,0,0,0,0,0
AMR_MDS_3893,0,0,0,0,0,0,0,0,0,0,0,0,0,0,0,0,0,0,0,0
GWASMC-A5,0,0,0,0,0,0,0,0,0,0,0,0,1,0,0,0,0,0,0,0
BAT3C415,0,0,0,0,0,0,0,0,0,0,0,0,0,0,0,0,0,0,0,0
SCUT-4,0,0,0,0,0,0,0,0,0,0,0,0,0,0,0,0,0,0,0,0
CANDO1,0,1,0,1,0,0,0,0,0,0,0,1,0,0,0,0,0,0,0,0
GWASMC-A40,0,0,0,0,0,0,0,0,0,0,0,0,0,0,1,0,0,0,0,0
UW4,0,0,0,0,0,0,0,0,0,0,0,0,0,0,0,0,0,0,0,0
MAG3,0,0,0,0,0,0,0,0,0,0,0,0,0,0,0,0,0,0,0,0
UW26,0,0,0,0,0,0,0,0,1,0,0,0,0,0,1,0,0,0,0,0
SCUT-1,0,0,0,0,0,0,0,0,0,0,0,0,0,0,0,0,0,0,0,0
SCELSE-1,0,0,0,0,0,0,0,0,0,0,0,0,0,0,0,0,0,0,0,0
GWASMC-A32,0,0,0,0,0,0,0,0,0,0,0,0,0,0,0,0,0,0,0,0
AALB,0,0,0,0,0,0,0,0,0,0,0,0,0,0,0,0,0,0,0,0
Bin140,0,0,0,0,0,0,0,0,0,0,0,0,0,0,0,0,0,0,0,0
MAG-198,0,0,0,0,0,0,0,0,0,0,0,0,0,0,0,0,0,0,0,0
SCELSE-9,0,0,0,0,0,0,0,0,0,0,0,0,0,0,0,0,0,0,0,0
SCELSE-6,0,0,0,0,0,0,0,0,0,0,0,0,0,0,0,0,0,0,0,0
HKU-2,0,0,0,0,0,0,0,0,1,0,0,0,0,0,0,0,0,0,0,0
GWASMC-A39,0,0,0,0,0,0,0,0,0,0,0,0,0,0,0,0,0,0,0,0
GWASMC-A37,0,0,0,0,0,0,0,0,0,0,0,0,0,0,0,0,0,0,0,0
GWASMC-A48,0,0,0,0,0,0,0,0,0,0,0,0,0,0,0,0,0,0,0,0
MAG-201,0,0,0,0,0,0,0,0,0,0,0,0,0,0,0,0,0,0,0,0
SCUT-2,0,0,0,0,0,0,0,0,0,0,0,0,0,0,0,0,0,0,0,0
UW11-POB,0,0,0,0,1,0,0,0,0,0,0,0,0,0,0,0,0,0,0,0
bin32,0,0,0,0,0,0,0,0,0,0,0,0,0,0,0,0,0,0,0,0
AMR_MDS_0334,0,0,0,0,0,0,0,0,0,0,0,0,0,0,0,0,0,0,0,0
mtII8,0,0,0,0,0,0,0,0,0,0,0,0,0,0,0,0,0,0,0,0
UW21,0,0,0,0,0,0,0,0,0,0,0,0,0,0,0,0,0,0,0,0
AMR_MDS_0713,0,0,0,0,0,0,1,0,0,0,0,0,0,0,1,0,0,0,0,0
GWASMC-A33,0,0,0,0,0,0,0,0,0,0,0,0,0,0,1,0,0,0,0,0
MAG33,0,0,0,0,0,0,0,0,0,0,0,0,0,0,0,0,0,0,0,0
BATAC726,0,0,0,0,0,0,0,0,1,0,0,0,1,0,0,0,0,0,0,0
GWASMC-A23,0,0,0,0,0,0,0,0,0,0,0,0,0,0,1,0,0,0,0,0
UW1,0,0,0,0,0,0,0,0,0,0,0,0,0,0,0,0,0,0,0,0
GWASMC-A35,0,0,0,0,0,0,1,0,0,0,0,0,0,0,1,0,0,0,0,0
GWASMC-A25,0,0,0,0,0,0,0,0,0,0,0,0,0,0,0,0,0,0,0,0
AMR_MDS_5463,0,0,0,0,0,0,0,0,0,0,0,0,0,0,0,0,0,0,0,0
ACC003,0,0,0,0,0,0,0,0,0,0,0,0,0,0,0,0,0,0,0,0
AMR_MDS_0347,0,0,0,0,1,0,0,0,0,0,0,0,0,0,0,0,0,0,0,0
GWASMC-A11,0,0,0,0,0,0,0,0,0,0,0,0,1,0,0,0,0,0,0,0
GWASMC-A14,0,0,0,0,0,0,1,0,1,0,0,0,0,0,1,0,0,0,0,0
MAG-197,0,0,0,0,0,0,0,0,0,0,0,0,0,0,0,0,0,0,0,0
mtI13,0,0,0,0,0,0,0,0,0,0,0,0,0,0,0,0,0,0,0,0
GWASMC-A20,0,0,0,0,0,0,1,0,0,0,0,0,0,0,1,0,0,0,0,0
ACC007,0,0,0,0,0,0,0,0,0,0,0,0,0,0,0,0,0,0,0,0
GWASMC-A27,0,0,0,0,0,0,0,0,0,0,0,0,1,0,0,0,0,0,0,0
UWLDOIC,0,0,0,0,0,0,0,0,0,0,0,0,0,0,0,0,0,0,0,0
UW6,0,0,0,0,0,0,0,0,0,0,0,0,0,0,0,0,0,0,0,0
GWASMC-A42,0,0,0,0,0,0,0,0,0,0,0,0,0,0,0,0,0,0,0,0
Bin142,0,0,0,0,0,0,0,0,0,0,0,0,0,0,0,0,0,0,0,0
SCELSE-2,0,0,0,0,0,0,0,0,0,0,0,0,0,0,0,0,0,0,0,0
MAG13,0,0,0,0,0,0,0,0,0,0,0,0,0,0,0,0,0,0,0,0
GWASMC-A50,0,0,0,0,0,0,0,0,0,0,0,0,0,0,0,0,0,0,0,0
GWASMC-A41,0,0,0,0,0,0,0,0,0,0,0,0,0,0,0,0,0,0,0,0
SK01,0,0,0,0,0,0,0,0,0,0,0,1,0,0,0,0,0,0,0,0
GWASMC-A28,0,0,0,0,0,0,0,0,0,0,0,0,0,0,0,0,0,0,0,0
UBA5574,0,0,0,0,0,0,0,0,0,0,0,0,0,0,0,0,0,0,0,0
Bin28,0,0,0,0,0,0,0,0,0,0,0,0,0,0,0,0,0,0,0,0
GWASMC-A13,0,0,0,0,0,0,0,0,0,0,0,0,0,0,0,0,0,0,0,0
AMR_MDS_0859,0,0,0,0,0,0,0,0,0,0,0,0,0,0,0,0,0,0,0,0
SCELSE-7,0,0,0,0,0,0,0,0,0,0,0,0,0,0,0,0,0,0,0,0
GWASMC-A10,0,0,0,0,1,0,0,0,0,1,0,0,0,0,1,0,0,0,0,0
GWASMC-A31,0,0,0,0,0,0,0,0,0,0,0,0,0,0,0,0,0,0,0,0
MAG-203,0,0,0,0,0,0,0,0,0,0,0,0,0,0,0,0,0,0,0,0
BAT3C720,0,0,0,0,0,0,0,0,0,0,0,0,0,0,1,0,0,0,0,0
SK02,0,0,0,0,0,0,0,0,0,0,0,0,0,0,0,0,0,0,0,0
MAXAC027,0,0,0,0,0,0,0,0,0,1,0,0,0,0,0,0,0,0,0,0
GWASMC-A36,0,0,0,0,0,0,0,0,0,0,0,0,0,0,1,0,0,0,0,0
HKU-1,0,0,1,0,0,0,0,0,0,1,0,0,0,0,0,0,0,0,0,0
AMR_MDS_0531,0,0,0,0,0,0,0,0,0,0,0,0,0,0,0,0,0,0,0,0
AMR_MDS_0653,0,0,0,0,0,0,0,0,0,0,0,0,0,0,0,0,0,0,0,0
HK-STAS-PROT-103,0,0,0,0,0,0,0,0,0,0,0,0,0,0,0,0,0,0,0,0
GWASMC-A16,0,0,0,0,0,0,0,0,0,0,0,0,0,0,0,0,0,0,0,0
HK-STAS-PROT-102,0,0,0,0,0,0,0,0,0,0,0,0,0,0,0,0,0,0,0,0
UW12-POB,0,0,0,0,0,0,0,0,0,0,0,0,0,0,1,0,0,0,0,0
GWASMC-A19,0,0,0,0,1,0,1,0,0,0,0,0,0,0,1,0,0,0,0,0
ACC005,0,0,0,0,0,0,0,0,0,0,0,0,0,0,0,0,0,0,0,0
GWASMC-A29,0,0,0,0,0,0,0,0,0,0,0,0,0,0,0,0,0,0,0,0
BATAC285,0,0,0,0,0,0,0,0,0,1,0,0,0,0,1,0,0,0,0,0
AMR_MDS_0563,0,0,0,0,0,0,0,0,0,0,0,0,0,0,1,0,0,0,0,0
SBR_L,0,0,0,0,0,0,0,0,0,0,0,0,0,0,0,0,0,0,0,0
UBA2327,0,0,0,0,0,0,0,0,0,0,0,0,0,0,0,0,0,0,0,0
GWASMC-A47,0,0,0,0,0,0,0,0,1,0,0,0,1,0,0,0,0,0,0,0
UW18,0,0,0,0,0,0,0,0,0,0,0,0,0,0,0,0,0,0,0,0
GWASMC-A44,0,0,0,0,0,0,0,0,0,0,0,0,0,0,0,0,0,0,0,0
SK12,0,0,0,0,0,0,0,0,0,0,0,0,0,0,0,0,0,0,0,0
GWASMC-A24,0,0,0,0,0,0,0,0,0,0,0,0,0,0,0,0,0,0,0,0
SSA1,0,0,0,0,0,0,0,0,0,0,0,0,0,0,0,0,0,0,0,0
GWASMC-A22,0,0,0,0,0,0,1,0,0,1,0,0,0,0,1,0,0,0,0,0
bin163,0,0,0,0,0,0,0,0,0,0,0,0,0,0,0,0,0,0,0,0
GWASMC-A45,0,0,0,0,0,0,0,0,0,0,0,0,0,0,1,0,0,0,0,0
ACC012,0,0,0,0,0,0,0,0,0,0,0,0,1,0,1,0,0,0,0,0
GWASMC-A17,0,0,0,0,0,0,0,0,1,1,0,0,0,0,1,0,0,0,0,0
GWASMC-A9,0,0,0,0,0,0,0,0,0,0,0,0,0,0,0,0,0,0,0,0
GWASMC-A2,0,0,0,0,0,0,0,0,0,0,0,0,0,0,1,0,0,0,0,0
AMR_MDS_5487,0,0,0,0,0,0,0,0,0,0,0,0,0,0,0,0,0,0,0,0
MAG-200,0,0,0,0,0,0,0,0,0,0,0,0,0,0,1,0,0,0,0,0
GWASMC-A4,0,0,1,0,1,0,0,0,0,0,0,0,0,0,0,0,0,0,0,0
GWASMC-A38,0,0,0,0,0,0,0,0,0,0,0,0,0,0,1,0,0,0,0,0
GWASMC-A30,0,0,0,0,0,0,0,0,0,0,0,0,0,0,0,0,0,0,0,0
SCUT-8,0,0,0,0,0,0,0,0,0,0,0,0,0,0,0,0,0,0,0,0
GWASMC-A43,0,0,0,0,0,0,0,0,0,0,0,0,0,0,0,0,0,0,0,0
SBR_S,0,0,0,0,0,0,0,0,0,0,0,0,0,0,0,0,0,0,0,0
GWASMC-A6,0,0,0,0,0,0,0,0,0,0,0,0,0,0,1,0,0,0,0,0
SCUT-5,0,0,0,0,0,0,0,0,0,0,0,0,0,0,0,0,0,0,0,0
SCELSE-8,0,0,0,0,0,0,0,0,0,0,0,0,1,0,0,0,0,0,0,0
GWASMC-A3,0,0,1,0,0,0,0,0,0,0,0,0,1,0,0,0,0,0,0,0
GWASMC-A1,0,0,0,0,0,0,0,0,0,0,0,0,0,0,0,0,0,0,0,0
SSB1,0,0,0,0,0,0,0,0,0,0,0,0,0,0,0,0,0,0,0,0
GWASMC-A18,0,0,0,0,1,0,0,0,1,0,0,1,0,0,1,0,0,0,0,0
UW10-POB,0,0,0,0,0,0,0,0,0,0,0,0,1,0,0,0,0,0,0,0
UW14,0,0,0,0,0,0,0,0,0,0,0,0,0,0,0,0,0,0,0,0
UW8-POB,0,0,0,0,0,0,0,0,0,0,0,0,0,0,0,0,0,0,0,0
MAG-196,0,0,0,0,0,0,0,0,0,0,0,0,0,0,0,0,0,0,0,0
GWASMC-A7,0,0,0,0,0,0,0,0,0,0,0,0,1,0,0,0,0,0,0,0
Bin208,0,0,0,0,0,0,0,0,0,0,0,0,0,0,0,0,0,0,0,0
bin12,0,0,0,0,0,0,0,0,0,0,0,0,0,0,0,0,0,0,0,0
